<metadata xml:lang="en"><Esri><CreaDate>20141102</CreaDate><CreaTime>21341200</CreaTime><ArcGISFormat>1.0</ArcGISFormat><SyncOnce>FALSE</SyncOnce><DataProperties><itemProps><itemName Sync="TRUE">BUILDING</itemName><imsContentType Sync="TRUE">002</imsContentType><itemLocation><linkage Sync="TRUE">file://\\EB-GIS-GDB6588\D\JEFFERSON\Hazard Mitigation\2017\DATA\BUILDING.shp</linkage><protocol Sync="TRUE">Local Area Network</protocol></itemLocation><nativeExtBox><westBL Sync="TRUE">3613530.808663</westBL><eastBL Sync="TRUE">3721393.452517</eastBL><southBL Sync="TRUE">252003.960676</southBL><northBL Sync="TRUE">564708.670567</northBL><exTypeCode Sync="TRUE">1</exTypeCode></nativeExtBox><itemSize Sync="TRUE">0.000</itemSize></itemProps><coordRef><type Sync="TRUE">Projected</type><geogcsn Sync="TRUE">GCS_North_American_1983</geogcsn><csUnits Sync="TRUE">Linear Unit: Foot_US (0.304801)</csUnits><projcsn Sync="TRUE">NAD_1983_StatePlane_Louisiana_South_FIPS_1702_Feet</projcsn><peXml Sync="TRUE">&lt;ProjectedCoordinateSystem xsi:type='typens:ProjectedCoordinateSystem' xmlns:xsi='http://www.w3.org/2001/XMLSchema-instance' xmlns:xs='http://www.w3.org/2001/XMLSchema' xmlns:typens='http://www.esri.com/schemas/ArcGIS/10.4'&gt;&lt;WKT&gt;PROJCS[&amp;quot;NAD_1983_StatePlane_Louisiana_South_FIPS_1702_Feet&amp;quot;,GEOGCS[&amp;quot;GCS_North_American_1983&amp;quot;,DATUM[&amp;quot;D_North_American_1983&amp;quot;,SPHEROID[&amp;quot;GRS_1980&amp;quot;,6378137.0,298.257222101]],PRIMEM[&amp;quot;Greenwich&amp;quot;,0.0],UNIT[&amp;quot;Degree&amp;quot;,0.0174532925199433]],PROJECTION[&amp;quot;Lambert_Conformal_Conic&amp;quot;],PARAMETER[&amp;quot;False_Easting&amp;quot;,3280833.333333333],PARAMETER[&amp;quot;False_Northing&amp;quot;,0.0],PARAMETER[&amp;quot;Central_Meridian&amp;quot;,-91.33333333333333],PARAMETER[&amp;quot;Standard_Parallel_1&amp;quot;,29.3],PARAMETER[&amp;quot;Standard_Parallel_2&amp;quot;,30.7],PARAMETER[&amp;quot;Latitude_Of_Origin&amp;quot;,28.5],UNIT[&amp;quot;Foot_US&amp;quot;,0.3048006096012192],AUTHORITY[&amp;quot;EPSG&amp;quot;,3452]]&lt;/WKT&gt;&lt;XOrigin&gt;-124791100&lt;/XOrigin&gt;&lt;YOrigin&gt;-91255500&lt;/YOrigin&gt;&lt;XYScale&gt;35164605.734280571&lt;/XYScale&gt;&lt;ZOrigin&gt;-100000&lt;/ZOrigin&gt;&lt;ZScale&gt;10000&lt;/ZScale&gt;&lt;MOrigin&gt;-100000&lt;/MOrigin&gt;&lt;MScale&gt;10000&lt;/MScale&gt;&lt;XYTolerance&gt;0.0032808333333333331&lt;/XYTolerance&gt;&lt;ZTolerance&gt;0.001&lt;/ZTolerance&gt;&lt;MTolerance&gt;0.001&lt;/MTolerance&gt;&lt;HighPrecision&gt;true&lt;/HighPrecision&gt;&lt;WKID&gt;102682&lt;/WKID&gt;&lt;LatestWKID&gt;3452&lt;/LatestWKID&gt;&lt;/ProjectedCoordinateSystem&gt;</peXml></coordRef><lineage><Process ToolSource="e:\program files (x86)\arcgis\desktop10.2\ArcToolbox\Toolboxes\Data Management Tools.tbx\AddSpatialIndex" Date="20141104" Time="174836">AddSpatialIndex "Database Connections\Connection to buildings.sde\BUILDINGS.BUILDING" 0 0 0</Process><Process ToolSource="e:\program files (x86)\arcgis\desktop10.2\ArcToolbox\Toolboxes\Data Management Tools.tbx\RemoveSpatialIndex" Date="20141104" Time="175001">RemoveSpatialIndex "Database Connections\Connection to buildings.sde\BUILDINGS.BUILDING"</Process><Process ToolSource="c:\program files (x86)\arcgis\desktop10.4\ArcToolbox\Toolboxes\Conversion Tools.tbx\FeatureClassToFeatureClass" Date="20171003" Time="114306">FeatureClassToFeatureClass "Database Connections\Connection to sde.sde\BUILDINGS.BUILDING" "D:\JEFFERSON\Hazard Mitigation\2017\DATA" BUILDING.shp # "GDO_GID "GDO_GID" true true false 8 Double 0 10 ,First,#,Database Connections\Connection to sde.sde\BUILDINGS.BUILDING,GDO_GID,-1,-1;SCD "SCD" true true false 60 Text 0 0 ,First,#,Database Connections\Connection to sde.sde\BUILDINGS.BUILDING,SCD,-1,-1;BLDG_ID "BLDG_ID" true true false 6 Text 0 0 ,First,#,Database Connections\Connection to sde.sde\BUILDINGS.BUILDING,BLDG_ID,-1,-1;BASIN "BASIN" true true false 1 Text 0 0 ,First,#,Database Connections\Connection to sde.sde\BUILDINGS.BUILDING,BASIN,-1,-1;DEV_SITE_I "DEV_SITE_ID" true true false 10 Text 0 0 ,First,#,Database Connections\Connection to sde.sde\BUILDINGS.BUILDING,DEV_SITE_ID,-1,-1;STRUCT_DIM "STRUCT_DIMEN" true true false 6 Text 0 0 ,First,#,Database Connections\Connection to sde.sde\BUILDINGS.BUILDING,STRUCT_DIMEN,-1,-1;STRUCT_D_D "STRUCT_D_DATE" true true false 8 Date 0 0 ,First,#,Database Connections\Connection to sde.sde\BUILDINGS.BUILDING,STRUCT_D_DATE,-1,-1;HEIGHT "HEIGHT" true true false 8 Double 8 38 ,First,#,Database Connections\Connection to sde.sde\BUILDINGS.BUILDING,HEIGHT,-1,-1;FOOTPRINT_ "FOOTPRINT_AREA" true true false 8 Double 8 38 ,First,#,Database Connections\Connection to sde.sde\BUILDINGS.BUILDING,FOOTPRINT_AREA,-1,-1;TOTAL_FLOO "TOTAL_FLOOR_AREA" true true false 8 Double 8 38 ,First,#,Database Connections\Connection to sde.sde\BUILDINGS.BUILDING,TOTAL_FLOOR_AREA,-1,-1;ADDRESS "ADDRESS" true true false 15 Text 0 0 ,First,#,Database Connections\Connection to sde.sde\BUILDINGS.BUILDING,ADDRESS,-1,-1;STREET "STREET" true true false 25 Text 0 0 ,First,#,Database Connections\Connection to sde.sde\BUILDINGS.BUILDING,STREET,-1,-1;SLID "SLID" true true false 10 Text 0 0 ,First,#,Database Connections\Connection to sde.sde\BUILDINGS.BUILDING,SLID,-1,-1;NO_FLOORS "NO_FLOORS" true true false 8 Double 0 10 ,First,#,Database Connections\Connection to sde.sde\BUILDINGS.BUILDING,NO_FLOORS,-1,-1;DATA_YEAR "DATA_YEAR" true true false 4 Text 0 0 ,First,#,Database Connections\Connection to sde.sde\BUILDINGS.BUILDING,DATA_YEAR,-1,-1;SFT "SFT" true true false 8 Double 8 38 ,First,#,Database Connections\Connection to sde.sde\BUILDINGS.BUILDING,SFT,-1,-1;BLDGNUM "BLDGNUM" true true false 8 Double 0 10 ,First,#,Database Connections\Connection to sde.sde\BUILDINGS.BUILDING,BLDGNUM,-1,-1;MATCH "MATCH" true true false 1 Text 0 0 ,First,#,Database Connections\Connection to sde.sde\BUILDINGS.BUILDING,MATCH,-1,-1;COMMENTS "COMMENTS" true true false 150 Text 0 0 ,First,#,Database Connections\Connection to sde.sde\BUILDINGS.BUILDING,COMMENTS,-1,-1;SHAPE_AREA "SHAPE.AREA" false false true 0 Double 0 0 ,First,#,Database Connections\Connection to sde.sde\BUILDINGS.BUILDING,SHAPE.AREA,-1,-1;SHAPE_LEN "SHAPE.LEN" false false true 0 Double 0 0 ,First,#,Database Connections\Connection to sde.sde\BUILDINGS.BUILDING,SHAPE.LEN,-1,-1" #</Process></lineage></DataProperties><SyncDate>20171003</SyncDate><SyncTime>11421800</SyncTime><ModDate>20171003</ModDate><ModTime>11421800</ModTime></Esri><dataIdInfo><envirDesc Sync="TRUE">Microsoft Windows 7 Version 6.1 (Build 7601) Service Pack 1; Esri ArcGIS 10.4.0.5524</envirDesc><dataLang><languageCode value="eng" Sync="TRUE"></languageCode><countryCode value="USA" Sync="TRUE"></countryCode></dataLang><idCitation><resTitle Sync="TRUE">BUILDING</resTitle><presForm><PresFormCd value="005" Sync="TRUE"></PresFormCd></presForm></idCitation><spatRpType><SpatRepTypCd value="001" Sync="TRUE"></SpatRepTypCd></spatRpType><dataExt><geoEle><GeoBndBox esriExtentType="search"><exTypeCode Sync="TRUE">1</exTypeCode><westBL Sync="TRUE">-90.290728</westBL><eastBL Sync="TRUE">-89.940829</eastBL><northBL Sync="TRUE">30.048643</northBL><southBL Sync="TRUE">29.185641</southBL></GeoBndBox></geoEle></dataExt></dataIdInfo><mdLang><languageCode value="eng" Sync="TRUE"></languageCode><countryCode value="USA" Sync="TRUE"></countryCode></mdLang><distInfo><distFormat><formatName Sync="TRUE">Shapefile</formatName></distFormat><distTranOps><transSize Sync="TRUE">0.000</transSize></distTranOps></distInfo><mdHrLv><ScopeCd value="005" Sync="TRUE"></ScopeCd></mdHrLv><mdHrLvName Sync="TRUE">dataset</mdHrLvName><refSysInfo><RefSystem><refSysID><identCode code="3452" Sync="TRUE"></identCode><idCodeSpace Sync="TRUE">EPSG</idCodeSpace><idVersion Sync="TRUE">6.12(10.0.0)</idVersion></refSysID></RefSystem></refSysInfo><spatRepInfo><VectSpatRep><geometObjs Name="BUILDING"><geoObjTyp><GeoObjTypCd value="002" Sync="TRUE"></GeoObjTypCd></geoObjTyp><geoObjCnt Sync="TRUE">0</geoObjCnt></geometObjs><topLvl><TopoLevCd value="001" Sync="TRUE"></TopoLevCd></topLvl></VectSpatRep></spatRepInfo><spdoinfo><ptvctinf><esriterm Name="BUILDING"><efeatyp Sync="TRUE">Simple</efeatyp><efeageom code="4" Sync="TRUE"></efeageom><esritopo Sync="TRUE">FALSE</esritopo><efeacnt Sync="TRUE">0</efeacnt><spindex Sync="TRUE">FALSE</spindex><linrefer Sync="TRUE">FALSE</linrefer></esriterm></ptvctinf></spdoinfo><eainfo><detailed Name="BUILDING"><enttyp><enttypl Sync="TRUE">BUILDING</enttypl><enttypt Sync="TRUE">Feature Class</enttypt><enttypc Sync="TRUE">0</enttypc></enttyp><attr><attrlabl Sync="TRUE">FID</attrlabl><attalias Sync="TRUE">FID</attalias><attrtype Sync="TRUE">OID</attrtype><attwidth Sync="TRUE">4</attwidth><atprecis Sync="TRUE">0</atprecis><attscale Sync="TRUE">0</attscale><attrdef Sync="TRUE">Internal feature number.</attrdef><attrdefs Sync="TRUE">Esri</attrdefs><attrdomv><udom Sync="TRUE">Sequential unique whole numbers that are automatically generated.</udom></attrdomv></attr><attr><attrlabl Sync="TRUE">GDO_GID</attrlabl><attalias Sync="TRUE">GDO_GID</attalias><attrtype Sync="TRUE">Double</attrtype><attwidth Sync="TRUE">19</attwidth><atprecis Sync="TRUE">0</atprecis><attscale Sync="TRUE">0</attscale></attr><attr><attrlabl Sync="TRUE">SCD</attrlabl><attalias Sync="TRUE">SCD</attalias><attrtype Sync="TRUE">String</attrtype><attwidth Sync="TRUE">60</attwidth><atprecis Sync="TRUE">0</atprecis><attscale Sync="TRUE">0</attscale></attr><attr><attrlabl Sync="TRUE">BLDG_ID</attrlabl><attalias Sync="TRUE">BLDG_ID</attalias><attrtype Sync="TRUE">String</attrtype><attwidth Sync="TRUE">6</attwidth><atprecis Sync="TRUE">0</atprecis><attscale Sync="TRUE">0</attscale></attr><attr><attrlabl Sync="TRUE">BASIN</attrlabl><attalias Sync="TRUE">BASIN</attalias><attrtype Sync="TRUE">String</attrtype><attwidth Sync="TRUE">1</attwidth><atprecis Sync="TRUE">0</atprecis><attscale Sync="TRUE">0</attscale></attr><attr><attrlabl Sync="TRUE">HEIGHT</attrlabl><attalias Sync="TRUE">HEIGHT</attalias><attrtype Sync="TRUE">Double</attrtype><attwidth Sync="TRUE">19</attwidth><atprecis Sync="TRUE">0</atprecis><attscale Sync="TRUE">0</attscale></attr><attr><attrlabl Sync="TRUE">DEV_SITE_I</attrlabl><attalias Sync="TRUE">DEV_SITE_I</attalias><attrtype Sync="TRUE">String</attrtype><attwidth Sync="TRUE">10</attwidth><atprecis Sync="TRUE">0</atprecis><attscale Sync="TRUE">0</attscale></attr><attr><attrlabl Sync="TRUE">STRUCT_DIM</attrlabl><attalias Sync="TRUE">STRUCT_DIM</attalias><attrtype Sync="TRUE">String</attrtype><attwidth Sync="TRUE">6</attwidth><atprecis Sync="TRUE">0</atprecis><attscale Sync="TRUE">0</attscale></attr><attr><attrlabl Sync="TRUE">STRUCT_D_D</attrlabl><attalias Sync="TRUE">STRUCT_D_D</attalias><attrtype Sync="TRUE">Date</attrtype><attwidth Sync="TRUE">8</attwidth><atprecis Sync="TRUE">0</atprecis><attscale Sync="TRUE">0</attscale></attr><attr><attrlabl Sync="TRUE">ADDRESS</attrlabl><attalias Sync="TRUE">ADDRESS</attalias><attrtype Sync="TRUE">String</attrtype><attwidth Sync="TRUE">15</attwidth><atprecis Sync="TRUE">0</atprecis><attscale Sync="TRUE">0</attscale></attr><attr><attrlabl Sync="TRUE">FOOTPRINT_</attrlabl><attalias Sync="TRUE">FOOTPRINT_</attalias><attrtype Sync="TRUE">Double</attrtype><attwidth Sync="TRUE">19</attwidth><atprecis Sync="TRUE">0</atprecis><attscale Sync="TRUE">0</attscale></attr><attr><attrlabl Sync="TRUE">TOTAL_FLOO</attrlabl><attalias Sync="TRUE">TOTAL_FLOO</attalias><attrtype Sync="TRUE">Double</attrtype><attwidth Sync="TRUE">19</attwidth><atprecis Sync="TRUE">0</atprecis><attscale Sync="TRUE">0</attscale></attr><attr><attrlabl Sync="TRUE">STREET</attrlabl><attalias Sync="TRUE">STREET</attalias><attrtype Sync="TRUE">String</attrtype><attwidth Sync="TRUE">25</attwidth><atprecis Sync="TRUE">0</atprecis><attscale Sync="TRUE">0</attscale></attr><attr><attrlabl Sync="TRUE">SLID</attrlabl><attalias Sync="TRUE">SLID</attalias><attrtype Sync="TRUE">String</attrtype><attwidth Sync="TRUE">10</attwidth><atprecis Sync="TRUE">0</atprecis><attscale Sync="TRUE">0</attscale></attr><attr><attrlabl Sync="TRUE">NO_FLOORS</attrlabl><attalias Sync="TRUE">NO_FLOORS</attalias><attrtype Sync="TRUE">Double</attrtype><attwidth Sync="TRUE">19</attwidth><atprecis Sync="TRUE">0</atprecis><attscale Sync="TRUE">0</attscale></attr><attr><attrlabl Sync="TRUE">DATA_YEAR</attrlabl><attalias Sync="TRUE">DATA_YEAR</attalias><attrtype Sync="TRUE">String</attrtype><attwidth Sync="TRUE">4</attwidth><atprecis Sync="TRUE">0</atprecis><attscale Sync="TRUE">0</attscale></attr><attr><attrlabl Sync="TRUE">SFT</attrlabl><attalias Sync="TRUE">SFT</attalias><attrtype Sync="TRUE">Double</attrtype><attwidth Sync="TRUE">19</attwidth><atprecis Sync="TRUE">0</atprecis><attscale Sync="TRUE">0</attscale></attr><attr><attrlabl Sync="TRUE">BLDGNUM</attrlabl><attalias Sync="TRUE">BLDGNUM</attalias><attrtype Sync="TRUE">Double</attrtype><attwidth Sync="TRUE">19</attwidth><atprecis Sync="TRUE">0</atprecis><attscale Sync="TRUE">0</attscale></attr><attr><attrlabl Sync="TRUE">MATCH</attrlabl><attalias Sync="TRUE">MATCH</attalias><attrtype Sync="TRUE">String</attrtype><attwidth Sync="TRUE">1</attwidth><atprecis Sync="TRUE">0</atprecis><attscale Sync="TRUE">0</attscale></attr><attr><attrlabl Sync="TRUE">COMMENTS</attrlabl><attalias Sync="TRUE">COMMENTS</attalias><attrtype Sync="TRUE">String</attrtype><attwidth Sync="TRUE">150</attwidth><atprecis Sync="TRUE">0</atprecis><attscale Sync="TRUE">0</attscale></attr><attr><attrlabl Sync="TRUE">SHAPE</attrlabl><attalias Sync="TRUE">Shape</attalias><attrtype Sync="TRUE">Geometry</attrtype><attwidth Sync="TRUE">0</attwidth><atprecis Sync="TRUE">0</atprecis><attscale Sync="TRUE">0</attscale><attrdef Sync="TRUE">Feature geometry.</attrdef><attrdefs Sync="TRUE">Esri</attrdefs><attrdomv><udom Sync="TRUE">Coordinates defining the features.</udom></attrdomv></attr><attr><attrlabl Sync="TRUE">SHAPE_AREA</attrlabl><attalias Sync="TRUE">SHAPE_AREA</attalias><attrtype Sync="TRUE">Double</attrtype><attwidth Sync="TRUE">19</attwidth><atprecis Sync="TRUE">0</atprecis><attscale Sync="TRUE">0</attscale><attrdef Sync="TRUE">Area of feature in internal units squared.</attrdef><attrdefs Sync="TRUE">Esri</attrdefs><attrdomv><udom Sync="TRUE">Positive real numbers that are automatically generated.</udom></attrdomv></attr><attr><attrlabl Sync="TRUE">SHAPE_LEN</attrlabl><attalias Sync="TRUE">SHAPE_LEN</attalias><attrtype Sync="TRUE">Double</attrtype><attwidth Sync="TRUE">19</attwidth><atprecis Sync="TRUE">0</atprecis><attscale Sync="TRUE">0</attscale></attr></detailed></eainfo><mdDateSt Sync="TRUE">20171003</mdDateSt></metadata>
